Metric,Value
Current Price,326.5899963378906
Highest Price,333.739990234375
Lowest Price,275.1499938964844
Average Price,306.95
Total Volume,1315792900.0
